titles,category
롱테이크 봄맞이 특가 캠코더세트 외 ~24%+증정,Beauty
닥터 브로너스 카쇼라단독구성 퓨어캐스틸 솝 외 ~39%,Beauty
CKD 괄사목주름크림 필톡샷 더블기획 풍성한 혜택,Beauty
셀퓨전씨X유지 얼리썸머마켓 선크림/쿨링라인~69%+쿠폰,Beauty
MAC 신상 립글라스 출시! 선착순 미니 루비우 증정,Beauty
말끔체취는 기본! Y존밸런스 기능을 더한 Y존테라피퓸,Beauty
더마힐 가정의달 추가증정 +라이브 5% 장바구니 쿠폰,Beauty
이브로쉐 봄맞이 특별할인 헤어식초 외 ~53%+7%,Beauty
연작 화잘먹템 ~20%+쿠폰 한정판 물풀프렙 단독 증정,Beauty
에이지투웨니스 신상출시! 핑크 포 에브리 하트 에디션,Beauty
헤어플러스 단독구성 1+1 봄맞이 ~80%+추가 5%,Beauty
냄새케어는 기본 위생+테라피 성분 더해 밸런스도 챙겨요,Beauty
럭셔리 니치 퍼퓸 킬리안 최대 13%+5%+단독사은품,Beauty
JMW 3월 신제품 볼륨온 3차 완판 기념 앵콜 라이브,Beauty
탄력보습 장인 스킨유 ~5%쿠폰+커피 증정,Beauty
깔끔한 냄새케어는 기본! Y존유익성분 가득 테라피퍼퓸,Beauty
베이지크x홍이모 첫 카쇼라 톤업썬&혈색밤 단독 런칭,Beauty
동국제약 마데카크림 브랜드데이 특가 ~74%할인,Beauty
몰바니 고민시PICK 선크림/쿠션 외 ~56%,Beauty
여성맞춤 탈모케어 려 루트젠 +금액대별 증정(커피),Beauty
색조맛집 바비브라운 NEW 팟 루즈 벨벳 선런칭,Beauty
이오시카 집에서 간편한 제모 ~53%+추가 5%+쿠폰,Beauty
리얼베리어 New 앰플 3종 마스크팩 9900원~,Beauty
No1헤어에센스실크테라피 ~67%할인+추가증정,Beauty
모다모다와 봄맞이 새치관리! +모다모다 해봄+,Beauty
어린날의 윤기촉촉 머릿결 1분 완성! 성분도 건강해요,Beauty
더 새로워진 '설화수' 최대29%할인+10종 사은품,Beauty
라보에이치 인생샴푸 쟁일기회 ~57%+추가 7%+쿠폰,Beauty
왁싱 전문브랜드 퍼플고릴라 카쇼라 런칭 기념 파격특가,Beauty
에스트라 본품용량 증정 외 ~30%+7%+선착순 사은품,Beauty
펠드아포테케X폴리크롬 깐달걀 피부 루틴 ~50%,Beauty
조조모모 봄 피부케어 특가전 단독 1+1 & 구매사은품,Beauty
보다나 여름 헤어스타일링! ~25%+5%+방송중특별증정,Beauty
[밀드플레르]라이브 특가 봄을 닮은 뷰티템,Beauty
일리윤 간절기 보습특집! ~54%+7%+추가쿠폰+증정,Beauty
헤라 블랙쿠션 특집! 단독 퍼프2개&브러쉬 추가 증정,Beauty
구딸 향수 역대 최초 특가 ~30%+5%+추가사은품,Beauty
클라랑스 ~19%+5%할인 넥크림/UV 외 단독 증정,Beauty
헤드스파7 4월 특가 트리트먼트 ~83%+5%,Beauty
휴그랩 리즈라인V2 단독특가 라이브 중 증정혜택까지!,Beauty
뉴스타씨 선패치 공구 콜라보 장새별 아나운서와 함께,Beauty
10년 연속 미국1위 케라셀 변색 두꺼워짐 문제성손발톱,Beauty
주름개선 기능성 기초케어! 앙쥬 24K 골드 8종세트,Beauty
닥터포헤어 봄맞이 LIVE 최대60%+사은품증정,Beauty
제나벨 신제품 단독 선런칭 PDRN 크림/앰플외~69%,Beauty
성분에디터 멜라샷 ~36% 전원 기미마스크+추가증정,Beauty
봄꽃같은 쌔미 라이브! 벚꽃이 팡팡! 혜택도 팡팡!,Beauty
오휘X뭉컁 NEW쿠션&파우더 ~30%+레디백 득템 기회,Beauty
볼륨 넘치는 풍성한 모발! 뿌리볼륨 리바이탈라이징 샴푸,Beauty
아토팜 BEST 베이비 최대64%사은품+무료배송,Beauty
쿤달 대용량 샴푸 트리트먼트 바디워시 BEST 1+1,Beauty
닥터그루트 최대~47% 스칼프쿨링/엑소좀 외,Beauty
조말론/딥티크 향수 정품보장 선물세트 특가,Beauty
[밀드플레르]라이브 특가 봄 감성 제대로 담은 뷰티템,Beauty
바멜다 1% 럭셔리 스킨케어 뉴욕스파 비결 바다레티놀,Beauty
저자극 스킨케어 포나777 전제품 7+7% 특별혜택,Beauty
JMW 드라이기 특별전! 프리고/에어플립 외 ~60%,Beauty
1년에 단2번 AHC블랙데이 아이크림/선스틱 외~69%,Beauty
신경쓰이는 Y존체취 말끔케어 기능에 진심 Y존테라피퍼퓸,Beauty
칼로 네오디뮴 스트랩 슬림메이커 리바이크까지!,Beauty
여수 동백오일 듬~뿍! 쌩얼 톤업크림 1+1 특가딜,Beauty
에스트라 단독 선물세트 런칭 앰플/크림 외~27%+증정,Beauty
셀리맥스 환절기 각질관리 선착순특가 900원부터,Beauty
코페르X유니 봄 기미케어 특별 세트 구성 ~70%,Beauty
내 손에도 봄이 왔나 봄! 손 끝으로 느껴지는 봄!,Beauty
크리에이터 아랑출연 딘시 선케어 특가 라이브,Beauty
속부터 광채 UP! 이퀄리브 수분광채 4종라이브~57%,Beauty
[라돌프] 프리미엄 모공관리 ~52% 초특가+증정,Beauty
[셀올로지]라이브 특가 손쉬운 셀프 피부관리,Beauty
브이티 오리지널 리들샷 최대 73% 할인혜택,Beauty
게스케 모공까지 딥클렌징 브러시/마사지기 외~25%,Beauty
봄비유 첫 라이브 특가 최대 ~66% 할인,Beauty
냄새없는 비건 네일! 3개 구매시 1개 증정!,Beauty
JHP 호호바 기미크림 체험특가 9900원 타임딜,Beauty
지방시뷰티 샤인립스틱 선런칭 쿠션 1+1 외 ~15%,Beauty
파티온 선세럼/선크림 1+1 선착순 특가 ~3500원,Beauty
미스미즈 라이브 특가! 이너 리프레싱 워시 베이직,Beauty
시세이도 파란자차 리뉴얼 2+2 상당세트부터 ~15%,Beauty
쓰담 부르는 윤기촉촉머릿결 실리콘은 NO 영양은 가득해,Beauty
마르세이유 플렉스 단독 특가 히피펌&물결 웨이브 고데기,Beauty
가히 가벼운 봄맞이 특가 선스틱 2종 특집 LIVE,Beauty
디어로렌 스마트 보습제 카쇼라 단독 런칭 특가전,Beauty
건강하고 향긋 상쾌한 Y존 촉촉윤기까지 책임져요,Beauty
메노킨 버블팩 2주년! ~50% 메가 브랜드 세일,Beauty
체이싱래빗 커버크림&톤업크림 더현대서울 품절대란템 입점,Beauty
[3초 셀프 속눈썹 연장] 편하고 예쁘게 착붙속눈썹,Beauty
시간을 거꾸로 달리는 실크콜라겐 아이크림 특가!,Beauty
[조조모모] 라이브 할인! 미세먼지 날리는 봄피부케어,Beauty
비건이펙트 매끈결광 콜라겐팩 최저가도전 + 역대급 혜택,Beauty
모다모다 헤어 브랜드 데이 최대 37% 할인,Beauty
그로우어스 샴푸 1+1 특가 BEST 헤어케어 ~55%,Beauty
성분에디터 실크앰플 앰플/아이크림 외 ~83%,Beauty
벤튼 봄맞이 역대급 SALE 구아바 패드 & 선케어,Beauty
신경쓰이는 Y존체취 말끔케어 기능에 진심 Y존 테퍼퍼퓸,Beauty
빌리프 아쿠아밤 점보 선런칭 선케어 1+1 외 ~25%,Beauty
질경이 여성청결제 화끈한 쌔미 라이브,Beauty
에뛰드 블러밤 단독상품출시! ~50%+틴트 정품증정까지,Beauty
메이크업 시간을 줄이자~!!,Beauty
우리가족 상처보호 듀오덤 ~60%+쿠폰혜택+무료배송,Beauty
제이숲 베스트셀러 최대 특가 51%~ 할인+사은품까지!,Beauty
라피타 다가오는 여름대비! 제모의료기기 ~55%+쿠폰,Beauty
아멜리 카쇼라 첫런칭! 보라필터 외 라이브 ~30%,Beauty
로즈픽스 pick! 딘시 폼클렌징/크림외 특가 라이브,Beauty
에이지투웨니스 뷰티페스타! 최대 38% 할인 + 증정,Beauty
원터치로간편하게완성하는속눈썹,Beauty
메디큐브X뷰티기기 3종특가 96만 김선우 출연!,Beauty
키스미 BEST 골라담기! ~63%+쿠폰+본품증정,Beauty
퍼셀 카쇼라 첫 상륙! 화제의 유산균 원액 ~38%,Beauty
TS샴푸의 두피&모발 케어 라이브 최대 혜택 기획전!,Beauty
에스트라 환절기 더마케어! ~27%+단독 미니파우치,Beauty
비플레인 녹두 쿨링 선크림 첫 라이브 최대55%+사은품,Beauty
아로마티카 3월 특가! 바디오일/워시 외 ~71%,Beauty
라보에이치 쟁이기 특집! ~57%+쿠폰+추가 증정,Beauty
휩드 품절대란 팩클렌저! 팩클렌저 한정수량 2+1,Beauty
화제의 톰 더 글로우 카카오 최초 공개!,Beauty
퓨어피크 설렘 가득한 봄! 봄맞이 스킨케어 LIVE,Beauty
3CE NEW 립 글로우 카카오 단독컬러~28%,Beauty
멜릭서 카쇼라 첫런칭! 선스크린/립 단독 2+1,Beauty
톰포드뷰티 NEW 립밤 출시 ~15+7% +선착순사은품,Beauty
동국제약 역대급 할인! 마데카프라임 인피니티 특가,Beauty
인플루언서 김지윤PICK! 세로랩스 첫 카카오쇼핑라이브,Beauty
케라스타즈 여신머릿결 비결! ~20%할인&시몽2+1혜택,Beauty
MAC 봄맞이 메이크업! 단 하루 미니립스틱 추가증정,Beauty
[EGA]인플위크 남보라픽! 손티에이징 핸드크림,Beauty
리얼베리어 NEW 피디알엔 익스트림 마스크 9900원~,Beauty
헤어플러스 단독 구성 1+1 페어앤프리지아 완전체 런칭,Beauty
아쿠아 디 파르마 카디퓨저 향수 외 ~15%+추가 7%,Beauty
정샘물 롱웨어 쿠션 리뉴얼! ~65%+추가할인쿠폰+증정,Beauty
실크테라피 헤어에센스명가 ~67%할인+추가증정,Beauty
헤드스파7 3월의 특가 트리트먼트 외 ~80%+7%,Beauty
불편한 Y존 체취 말끔케어 &Y존 밸런스 더블케어 퍼퓸,Beauty
닥터그루트 최대~67% 엑소좀 신규런칭이벤트,Beauty
하이엔드 퍼퓸 프레데릭 말 ~15%+7%+향수추가증정,Beauty
아닐로 균일가 특별전 핸드/바디워시/샴푸외~50%,Beauty
스킨푸드 NEW 패드 출시 ~51%+추가7%+사은품,Beauty
에스쁘아 립틴트 단독컬러출시 ~50%+7%+버블캔디증정,Beauty
고급미의 완성은 촉촉윤기모발 부들부들~자꾸 거울보게돼요,Beauty
얼터너티브스테레오 바미로즈 단독컬러 ~23%+7%+증정,Beauty
조 말론 런던의 화이트데이! 핸드크림/코롱 외 단독혜택,Beauty
더바디샵 로맨틱위크 특별전 헤어/바디 ~60%+7%,Beauty
동국 브랜드데이 특가 PDRN세럼외 최대70%할인,Beauty
루치온 한장클렌저&스킨케어 여행잇템! 초간편 클렌징!,Beauty
더마비 NEW 세라엠디 핸드크림 외 4900원 ~,Beauty
랑콤 화이트데이 1+1급혜택 방송중 20%+선착순사은품,Beauty
코티향수 화이트데이 선물 버버리/끌로에향수 ~56%,Beauty
베네피트 역대급 화이트데이 틴트1+1 한정판 팔레트까지,Beauty
동국 브랜드데이 특가 멜라앰플패드외 최대68%할인,Beauty
이오시카 미리 준비하는 제모 홈 제모케어 ~53%+7%,Beauty
헉슬리 화이트데이 선물특집 ~58%+7%+추가증정,Beauty
Y존 공기청정기~ 말끔 상쾌 편안함까지 한번에 누려요,Beauty
메이크업포에버 NEW 파우더 립밤1+1부터 ~20%할인,Beauty
크리니크 변우석PICK 파운데이션/치크팝 외~1+1,Beauty
동국 브랜드데이 특가 마데카크림 외 최대73%할인,Beauty
미샤 25주년 빅세일LIVE 에센스/크림 외~73%,Beauty
어노브 오드퍼퓸 런칭! 헤어미스트/오일에센스 외,Beauty
프레시안 나겸쌤 본인등판! ~25%+핸드크림샘플키트증정,Beauty
헤라 화이트데이 립 특집! 센슈얼샤인스틱/누드밤LIVE,Beauty
프리메라 화이트데이 LIVE ~25%할인+본품용량 증정,Beauty
아렌시아 화이트데이 특집 떡솝/세럼 1+1 외 사은품,Beauty
상반기 최대 아토팜 위크 최대 사은품+무료배송,Beauty
꿉꿉한 속옷 속 냄새 잡고 쾌적함 선사하는 더블케어퍼퓸,Beauty
쿤달 BEST 헤어&바디 전품목 1+1,Beauty
질경이 여성청결제 세계 여성의 날 라이브,Beauty
몰바니 핸드크림 단독런칭 쿠션/앰플~47%+추가 증정,Beauty
에스트라 환절기보습특집! 크림/앰플 외 ~30%+7%,Beauty
바이오더마 카쇼라 단독구성 클렌징워터 외 ~54%+7%,Beauty
에크멀 익스트림 립 글라시 카카오 런칭! 전상품 30%,Beauty
바멜다 1% 럭셔리 스킨케어 푹잠피부 미백윤광의 비결,Beauty
셀리맥스 지우개패드/앰플 외 폼클렌징 선착순 900원!,Beauty
일리윤 온가족 촉촉보습! ~54%+7%할인+전구매증정,Beauty
속옷 속 공기청정기 말끔함 쾌적함 향긋함 직접 누리세요,Beauty
자연스러운데 예뻐 고급지게 부드러운 머릿결 지금 만나요,Beauty
기미에는 마미케어 들깨크림 ~75%+카카오페이7%+쿠폰,Beauty
JHP 봄맞이 카쇼라앵콜! 모로코 아르간 헤어오일,Beauty
브이티 콜라겐 리들샷 저분자 콜라겐으로 탄력UP,Beauty
포렌코즈 베스트 립 꿀조합 봄맞이 최대 59% OFF,Beauty
속옷 속에 공기청정기가 켜진 느낌 이제 아실거예요,Beauty
아이소이 클리어런스~64% 잡티세럼 19900원부터~,Beauty
No'1 아이크림 유세린 신상세럼 외~60%+추가쿠폰,Beauty
MAC 카카오 단독 선런칭 NEW 스트롭 리퀴드 블러쉬,Beauty
조조모모 모음전!! 기초케어 부터 집중케어까지!,Beauty
더마힐 최대 46% 할인! 봄 맞이 모발 보습 관리템!,Beauty
코페르X유니 특별구성 크림/앰플 외 ~70%,Beauty
랑방 향수 공식수입 8종세트가 5만원대!,Beauty
로마 너리싱샴푸 외 특별전! ~35%+추가 증정,Beauty
자신감까지 뿜뿜하는 속옷속 쾌적함과 편안함 직접 누려요,Beauty
추구미 완성하는 부들촉촉 찐 건강미 머릿결 커밍쑨,Beauty
헤라X민스코 단독 선런칭! 센슈얼 틴티드 샤인 스틱,Beauty
에스트라 온가족보습제~30% 바디로션 특별 각인서비스,Beauty
라피타 집에서도 간편한 제모 제모의료기기 ~57%,Beauty
스위스유스트 자연허브 오일/크림 외 ~40%+7%,Beauty
에이지투웨니스 신상출시! 디오리진 라벤더 라떼+파우치,Beauty
3천만개 판매 돌파 세타필! ~50%+100% 증정까지,Beauty
손상모 SOS극강 복구&윤기 코팅,Beauty
마르세이유 첫방송 ~74% 고데기&드라이기 특별모음전,Beauty
CKD 괄사목주름크림 필톡샷 런칭특가+커피쿠폰 증정!,Beauty
3초만에 속눈썹연장! 자석속눈썹GLASH,Beauty
호마노석 괄사 마사지 유다담 라이브 단독 특가,Beauty
에스티로더 X 메종 라뒤레 NEW 마카롱쿠션 7만원대~,Beauty
바비브라운 최대 1+1 특집 립/쿠션 외~ 선착순사은품,Beauty
SNP 콜라겐 특집 LIVE 풍성한 쇼핑 혜택,Beauty
클린 뷰티 브랜드 율립 립스틱&세럼 라이브특가,Beauty
티슈도리와 함께하는 라이브 더 큰 혜택으로 돌아왔습니다,Beauty
비긴스 바이 정샘물 수분&매끈모공 기획전,Beauty
XOUL 카쇼라 첫 런칭 볼륨립밤/스킨케어 외~50%,Beauty
[3초 셀프 속눈썹 연장] 노글루 자석속눈썹GLASH,Beauty
생리여도 분비물 많아도 냄새 고민없이 밸런스케어까지,Beauty
메종마르지엘라 퍼퓸 ~10%+7%+추가 증정,Beauty
톰 프로그램 단 하루 특가! 원데이 에스테틱 최초 공개,Beauty
자연스러운 살결패치 듀오덤 ~58%+쿠폰혜택+무료배송,Beauty
에뛰드 신학기 메이크업클래스 틴트/마스카라 ~50%할인,Beauty
제이숲 2X 기획 최대 특가 48%~ 할인+사은품까지,Beauty
쓰담쓰담 부르는 윤기촉촉 찰랑모발 근본케어 트리트먼트,Beauty
오그램코스메틱스 헤어앰플&발란서 샴푸 특별전,Beauty
불리 향수/바디오일 외 단독 구성&증정 ~30%,Beauty
동국제약 브랜드딜 크림대용량 외 베스트제품특가,Beauty
라메르 발렌타인데이 특집! 15+7%+최대 정품용량증정,Beauty
피부과학 전문가 피지오겔 ~63% + 기프티콘,Beauty
추운 날엔 따뜻한 혜택 유랑 오일 세럼 특가 등장,Beauty
닥터그루트 최대~67% 두피고민/탈모집중케어,Beauty
에스쁘아 로맨틱 발렌타인 최초/단독 꾸뛰르틴트 1+1,Beauty
비오템 발렌타인 맨 선물추천 올인원세트 외~20%+7%,Beauty
랩시리즈 발렌타인 선물추천! ~25%+7%+최대정품증정,Beauty
실크테라피 헤어에센스명가 ~72%할인+추가증정,Beauty
에스트라 탄력&보습케어! 리제덤 2+1용량 외~40%,Beauty
리얼베리어 속보습템 추천 익스트림 마스크 9900원~,Beauty
지방시뷰티 발렌타인선물 쿠션/립스틱 1+1 ~15%,Beauty
헉슬리 선물특집전 발렌타인기념 ~64%,Beauty
토리든 선착순 특가! 립 에센스/선크림 9900원,Beauty
프로폴리스 꿀광 솔루션! 아이다 '탄생'라인 라이브,Beauty
오민화쇼x동국제약 마데카프라임 앵콜 라이브!,Beauty
속부터 느껴지는 모발 영양감 촉촉 찰랑모발 성분도 건강,Beauty
아르마니 뷰티 립/쿠션 외 전품목 10+7%+10%적립,Beauty
아로마티카 NEW 바디오일 워시/로션 외 ~73%+7%,Beauty
조말론/딥디크 향수특가 한정수량+쇼핑백증정,Beauty
여성맞춤 탈모케어 려 루트젠 ~25%+커피쿠폰+추가증정,Beauty
다니엘트루스 발렌타인 찬스 ~20%+7%+키링증정이벤트,Beauty
약국입점 고보습 카밍로션! 보습을 위한 온가족 바디로션,Beauty
JMW 25년 신상 런칭! 여행용 드라이기 외 ~50%,Beauty
[라돌프] ~ 최대 52% 320만뷰 모공관리 + 증정,Beauty
플루 카카오 단독 선런칭! 퍼퓸드 바디스크럽 기획세트,Beauty
오민화쇼x동국제약 마데카프라임 라이브 특가!,Beauty
마미케어 율무 효소 클렌저 ~69%+7%추가할인+증정,Beauty
이든 멀티 클렌저 얼스바! 첫만남 특가로 만나보세요~,Beauty
파인다이브 카쇼라 상륙! 고효능 고순도 고함량 화장품,Beauty
비플레인 신년 클렌징 빅세일 ~58%+5% 쿠폰+증정,Beauty
모다모다는 계속 업그레이드중 더욱 강력해진 새치케어!,Beauty
비오브 믹스매치 치크 팔레트 NEW 로제&샌드베이지,Beauty
버버리 뷰티 럭셔리 메이크업 립스틱/팔레트 외 ~15%,Beauty
건조하고 푸석한 모발 즉각케어! 모발유익성분99%,Beauty
헤어케어의 기본 미쟝센 ! 짱구 기획+커피 쿠폰,Beauty
밀크하우스 특별전 퍼퓸 핸드크림&오일 특가,Beauty
제나벨 동안피부 비결~69% PDRN/선크림 외 1+1,Beauty
아떼 립글로이밤 뉴컬러출시 방송중 립 펜슬 정품증정!,Beauty
신경쓰이는 Y존체취 말끔향긋 &밸런스케어까지 챙겨요!,Beauty
AHC 1등 안티에이징 아이크림 개당 5500원대!,Beauty
메디힐 마스크팩 맛집 마스크팩 7900원부터!,Beauty
[닥터포헤어] 두피관리 시작 최대60%+사은품 증정,Beauty
피부고민 정답은 셀리맥스! 최대90%+선착순900원특가,Beauty
코티향수 발렌타인데이 선물 버버리/끌로에 외 ~56%,Beauty
마녀공장 국민 클렌징오일! 클렌징/에센스 ~56%+증정,Beauty
일리윤 온가족 촉촉보습! ~54%+전구매 증정+쿠폰,Beauty
헤드스파7 추운겨울 탈모관리 ~83%+추가 증정,Beauty
비건이펙트 모공속광 콜라겐팩 ~42%+ 추가쿠폰 +증정,Beauty
라보에이치 쟁이기 특집! ~44%+쿠폰+추가 증정,Beauty
2025년 메디올 새해맞이! 혜택 세(3)배 받으세요!,Beauty
JHP 겨울의 보습왕 호호바오일 시리즈 특집전,Beauty
바디앤 슬림핏 카쇼라 첫 런칭 특별혜택전,Beauty
헤어플러스 신년특집 혜택가득 역대급 증정 ~77%,Beauty
누니 아마존 NO 1 설 선물 완벽 준비!,Beauty
리엔케이 최대 86% 피부타입별 스킨케어 할인전,Beauty
설맞이 세타필 보습 대전! ~50% + 커피쿠폰까지,Beauty
Y존 냄새고민없이 말끔케어 밸런스도 챙기는 테라피퍼퓸,Beauty
뷰러로 척하면 착! 3초속눈썹GLASH 선물구성,Beauty
마미케어 들깨크림 기미크림/마스크 외 ~75%,Beauty
물광피부+탄력케어를 한번에 라디셀 라이브 초특가!,Beauty
설날 BIG 행운샴푸 특가 모든 분께 증정 혜택!,Beauty
에뛰드 잼스톤 뉴컬렉션 출시 ~51%+추가 증정,Beauty
CKD 젊어지는 새해선물! 괄사목주름크림/마스크~64%,Beauty
JMW 출근준비 단축 치트키 ~50%할인+주문인증추첨!,Beauty
불편한 Y존 체취 말끔케어 Y존 밸런스 더블케어 퍼퓸,Beauty
조말론 향수 명절맞이 선물특가,Beauty
메이크업포에버 ~30%+증정 수퍼부스트 립글로스 선출시,Beauty
피지오겔 슬로우에이징 ~58% + 기프티콘,Beauty
에스트라 센스있는 설 선물! ~25%+스페셜 굿즈+포장,Beauty
성분에디터 실크앰플&아이크림 ~81%+추가 쿠폰+증정,Beauty
질경이 여성청결제 '설'레는 라이브 특가,Beauty
펠드아포테케 신년 설 특집! 베스트 에어리선크림 1+1,Beauty
신제품 카쇼라 단독 선공개! 더마힐 노워시 트리트먼트,Beauty
톰 프로그램 럭셔리 스킨케어 청담 1% 광채피부만들기,Beauty
에스쁘아 독보적인 색조맛집 립/파운데이션 외 ~54%,Beauty
상처보호 듀오덤 ~60%+쿠폰혜택+무료배송,Beauty
에이지투웨니스 신상출시! 블루밍트위드에디션 외~38%,Beauty
생리여도 분비물에도 말끔케어 &Y존 밸런스까지 챙겨요,Beauty
자연허브 유스트 ~40%+7%+증정까지,Beauty
동국 브랜드데이 특가 마데카프라임 최대 43%할인,Beauty
몰바니 24시간 촉촉밀착쿠션 증정+최대 할인 ~50%,Beauty
푸석 건조모발 말끔고민해결 사용 즉시 촉촉부들 윤기나요,Beauty
동국 브랜드데이 특가 마데카크림외 최대73%할인,Beauty
Rbfy 단독 설 선물세트 ~30%+추가증정+오간자포장,Beauty
더바디샵 신년선물추천! 헤어&바디 ~50%+7%,Beauty
휴그랩 리즈라인V2 특가혜택+라이브이벤트까지,Beauty
나우앤댄 설 1+1 더블 특가 기획전,Beauty
설 선물세트는 더후! 최대28%할인+르크루제 증정,Beauty
Y존냄새 고민없이 말끔케어 &Y존 밸런스 테라피퍼퓸,Beauty
힌스 무드있는 메이크업 ~39%+전구매 증정혜택,Beauty
설화수 최대29% 선물특집! 10종 사은품&지함보 포장,Beauty
산타마리아노벨라가 추천하는 설선물 ~23%+7%+증정,Beauty
화이트닝&주름개선 저분자 콜라겐 폭탄 고보습 미스트!,Beauty
취향저격 기획전 톡딜특가 행운샴푸!,Beauty
바닐라코 아이스크림컬러 외 ~43%할인+증정까지!,Beauty
제이숲 설 선물세트 기획 최대 64% 할인+사은품까지,Beauty
New 비건 네일 컬러!,Beauty
스킨푸드 신년 빅세일 전원 마스크팩 증정 ~53%,Beauty
에스티로더 갈색병 1+1 선물포장&추가사은품까지,Beauty
바멜다 상위1% 호텔스파성분 푹잠피부 미백윤광의 비결,Beauty
부들부들 촉촉 윤기 머릿결 로망 실현! 성분도 건강해요,Beauty
리터니티 품절대란 율무팩! 최대 38%+5%쿠폰+증정,Beauty
에스트라X엔조이커플 새해맞이 빅세일~30+7%,Beauty
냄새없는 비건 네일!,Beauty
잘 지워지지않는 발색립밤! 워터프루프 고보습 타투립스틱,Beauty
리얼베리어 설맞이 혜택 9900원~7%쿠폰+7%할인,Beauty
캐스키드슨 뱀띠에디션 ~50%+7%할인+증정까지,Beauty
루킨스 헤어랩 새로운 시작! 홈쇼핑 완판템 카쇼라런칭!,Beauty
칼로 새해맞이 LIVE 최대혜택 특가전,Beauty
노베브 카쇼라 첫 런칭! 이지피지 필터 커버 최초공개,Beauty
바비브라운 엑스트라컬러샤인 외 최대15%+7%+정품증정,Beauty
제나벨 PDRN외 새해빅세일 최대69%+카카오페이7%,Beauty
빌리프 에센스 점보 외 ~25%+추가할인+증정까지!,Beauty
2025년 새해 행운샴푸와 행운 가득하세요!,Beauty
No1 클렌징워터 바이오더마 최대 55%+방송중7%쿠폰,Beauty
MAC 누드컬렉션 단독선출시 ~10%+7%+추가 증정,Beauty
더마비 새해맞이 보습대전 사은품+ 쇼핑백 증정+무배,Beauty
랑콤 신년맞이 1+1급혜택 라이브중 20%+선착순사은품,Beauty
품절대란 휩드 팩클렌저! 팩클렌저 한정수량 2+1,Beauty
각질부각없이 과즙미 팡팡! 촉촉한 매트 벨벳 립스틱5종,Beauty
닥터포헤어 새해 두피케어 최대 61%+증정,Beauty
셀리맥스 새해 빅세일! ~60%+선착순 900원특가,Beauty
버버리/끌로에향수 득템찬스 ~55%+향수 미니어처 증정,Beauty
감성적인 향기 롱테이크 ~33%+쿠폰/추가할인+증정,Beauty
발렌티노 뷰티 퍼플 도즈 에디션 런칭!,Beauty
바멜다 상위1% 뉴욕스파성분 바다레티놀 럭셔리 스킨케어,Beauty
겔랑 펄리립밤 단독 선출시 최대15%+7%+전구매증정,Beauty
성분에디터 모공앰플 ~77% 겨울에도 쫀쫀하게 모공앰플,Beauty
눅스 보습 끝판왕 신년세일 멀티오일 외 ~38%,Beauty
뮤스템 광채케어 ~45%할인 전구매증정+추첨혜택까지!,Beauty
모다모다 새치케어와 함께 더 젊어진 2025년 만들기,Beauty
일리윤 온가족 촉촉보습 ~58%+전구매증정+추가쿠폰,Beauty
오그램코스메틱스 새해맞이 킬러크림 외 카쇼라 특별전,Beauty
2025년 새해에는 행운샴푸로 행운을!,Beauty
CKD 젊어지는 새해선물! NEW 마스크/크림 ~64%,Beauty
성분에디터 멜라샷 신년세일 새해맞이 멜라닌케어 ~36%,Beauty
닥터바이오 연말 결산! 단 1시간 온가족 보습 특가,Beauty
부시시 모발 고민? 쓸수록 부들부들 촉촉~성분도 좋아요,Beauty
연말결산 플루 헤어바디 특가 ~66%+사은품 증정까지!,Beauty
헤라 NEW 센슈얼 누드밤 카카오 단독 선런칭,Beauty
[먼스앤데이즈]바디&헤어케어 신상 라이브 특가 할인!,Beauty
[율립]최초 LIVE 립스틱 웜톤쿨톤SET 최대 할인,Beauty
에스트라 선물추천 LIVE 최대 25%+단독 파우치증정,Beauty
푸석건조 모발에 영양집중충전 유효성분99% 찐트리트먼트,Beauty
"라돌프 ""320만뷰"" 연말결산 마지막세일 ~47%",Beauty
세타필 연말결산! 2024 베스트 보습 아이템 특가,Beauty
에뛰드 연말결산 BEST! 기초/메이크업 ~52%+증정,Beauty
GoodBye 2024 팔자미간+2in1+목주름팩,Beauty
에이지투웨니스 아듀Sale! 최대 40% 할인+증정,Beauty
헤어연말정산 라보에이치! ~44%+쿠폰+증정까지,Beauty
Y존냄새 고민없이 말끔케어 &Y존 밸런스도 챙겨요,Beauty
칼로 with 베라킴 슬림메이커+네오디뮴 스트랩,Beauty
헤어플러스 연말결산 혜택가득 역대급 증정 ~79%,Beauty
사용할수록 부들부들촉촉 모발유익성분99%찐트리트먼트,Beauty
헤드스파7 연말결산 빅세일 ~83%+7% 추가쿠폰,Beauty
어노브와 해피홀리데이! 퍼퓸헤어미스트 외 할인/증정,Beauty
동국제약 역대급 할인! 더 마데카크림 대용량 특가,Beauty
질경이 크리스마스 할인 여성청결제 파격 특가,Beauty
2024년 마지막 연말은 행운샴푸로 행운을 선물하세요,Beauty
아벤느 2024 연말결산! 베스트 제품 최대할인,Beauty
Y존냄새 말끔&향긋 케어 Y존 밸런스도 챙겨드려요,Beauty
쓸수록 부들 촉촉 머릿결 모발유익성분99%트리트먼트,Beauty
뷰미스트 연말기념 첫라이브 당일 추가 천원 할인!!,Beauty
클로란 최초 LIVE ~65% + 전구매 사은품!,Beauty
드렁크 엘리펀트X소비요정 연말세일 ~50%+증정,Beauty
약국입점 고보습 카밍로션! 피부장벽강화 온가족 바디로션,Beauty
바멜다 스파앰플 기획전 방송중 10%추가쿠폰 발급!,Beauty
[크리에이트스킨] 런칭! 스킨케어 명가 라이브 특가,Beauty
코스알엑스X윤이든 연말세일 ~62%+전원 마스크팩증정,Beauty
피지오겔 라이브 홀리데이기획 ~60% + 기획세트,Beauty
쿤달 전품목 1+1 50% 24년 마지막!,Beauty
Merry Christmas 기미패치+목주름팩+아이크림,Beauty
설화수 최대29% 선물특집! LNY세트 카쇼라 선런칭,Beauty
에스쁘아 쿠션/립틴트 외 ~54%+7%+증정까지,Beauty
Y존 체취 말끔향긋& 불편감 케어까지 챙기는 테라피퍼퓸,Beauty
사용할수록 부들부들촉촉 모발에 영양 수분 집중충전,Beauty
메종 프란시스 커정 겨울향수 ~15%+7%+선착순 증정,Beauty
마리나비로 피부지키기! 크림에센스&슬리핑마스크 외,Beauty
제나벨 앰플 대용량 첫공개 연말결산 ~69%+7%,Beauty
러븀 촘촘촉촉 수분충전! ~76%+7%할인+증정까지,Beauty
펜할리곤스 홀리데이 세일 루나 컬렉션 ~31%+7%,Beauty
톰 프로그램 럭셔리 스킨케어 청담 1% 광채피부 비결,Beauty
자외선차단과 커버를 하나로! 무기자차 비건 커버 쿠션,Beauty
모다모다와 새치고민 타파! 블랙샴푸 물염색 특가 라이브,Beauty
지방시 뷰티 베스트 어워즈 최대 15%+7%+정품 증정,Beauty
아로마티카 바디/헤어 선물세트외 ~71%+7%,Beauty
SK-II 광채나는 동안피부 ~20%+7%+구매전원증정,Beauty
KEYTH 키스~24%+7% new쿠션/미니쿠션 외,Beauty
라비앙 홀리데이 론칭 라이브,Beauty
이번 크리스마스에는 행운샴푸와 행운받기!,Beauty
케라스타즈 여신머릿결! 최대 20%+12%추가혜택,Beauty
아렌시아 연말결산! 신상 세럼/떡솝까지 2+1,Beauty
메디큐브 디바이스 3종 특가 1년에 딱 한번 마지막혜택,Beauty
[RE+LIVE] 에스트라! 올해 마지막 카쇼라위크,Beauty
향기로운 나우앤댄 헤어감사제 카쇼라 첫 론칭 ~51%,Beauty
에스트라 홀리데이 LIVE 올해 마지막 카쇼라위크!,Beauty
촉촉하고 부들부들한 머릿결 슥슥 바르기만 하세요,Beauty
헤라 2024 베스트어워즈! 센슈얼 누드글로스&블랙쿠션,Beauty
다니엘트루스 홀리데이 세일 NEW 향기 ~20%+7%,Beauty
[라디페어]스킨케어 4종 카카오 런칭 기념 특가라이브,Beauty
연말모임 예뻐지는 꿀템! 자석속눈썹 66%할인,Beauty
네일 크리스마스! 미크릿 비건 네일!,Beauty
구딸 홀리데이 향수 핸드&바디 외 ~30%,Beauty
스킨푸드 올해 마지막세일! 최대 1+1 베스트 골라담기,Beauty
동국 브랜드데이 특가 마데카프라임 최대 48%할인,Beauty
러쉬와 향기로운 홀리데이! 카카오전용 선물구성 외,Beauty
불리 올해 마지막 LIVE 홀리데이 향수/바디 ~50%,Beauty
2024 메디올 연말결산 라스트 ALL 초특가,Beauty
X-mas 특집방송 ~! 목주름팩+기미패치+2in1,Beauty
펠드아포테케 X 폴리크롬 12월 연말맞이 최대 할인!,Beauty
톰포드 뷰티 카카오 단독 홀리데이 디스커버리 세트런칭,Beauty
홈쎄라 뷰티기기 역대급혜택! 라이브 특별전,Beauty
바비브라운 올해 마지막! 립 틴트/아이섀도우 1+1,Beauty
입술케어가 필요한 계절! 노각질/세럼/립밤 비건 틴트,Beauty
15000ppm 바르는콜라겐 피부 장벽 수분폭탄크림!,Beauty
동국 브랜드데이 특가 멜라앰플패드외 최대74%할인,Beauty
명품의 품격 크리드 홀리데이 베스트 향수 ~15%+7%,Beauty
베이스 맛집! 정샘물 뷰티 ~69%+7%할인+증정까지!,Beauty
달바 NEW 립 글로우 카카오 단독선런칭 1+1혜택,Beauty
동국 브랜드데이 특가 마데카파워앰플 최대87%할인,Beauty
비플레인 1년에 단 1번! 연말결산 빅세일 4900원~,Beauty
변우석's PICK 크리니크 색조맛집 ~20%+7%할인,Beauty
MAC 홀리데이 연말세일! ~15%+7%+선착순사은품,Beauty
해피홀리데이 with 사봉 ~20%+7%할인+증정까지,Beauty
[듀댑]카쇼라 런칭 기념 1+1 라이브,Beauty
연말 헤어케어 선물 아베다 ~15%+7%+증정 혜택까지,Beauty
에스티로더 홀리데이 세트 & 단독 갈색병 본품 1+1,Beauty
메종 마르지엘라 퍼퓸 NEW향기 ~10%+7%,Beauty
더마비X도구리 바디로션 최대 47%+도구리굿즈 증정,Beauty
남성을 위한 선택! 랩시리즈 ~25%+7%할인+증정까지,Beauty
럭셔리 바디케어 몰튼브라운 ~30%+7%할인+증정까지!,Beauty
조 말론 런던 홀리데이 기념 ~7%+스페셜 기프트 증정,Beauty
2주뒤 크리스마스 선물로 행운샴푸를 전해보세요!,Beauty
아닐로 new오드퍼퓸 외 ~38%할인+추가증정까지!,Beauty
휴그랩 리즈라인V2 라이브 단독 특가전!,Beauty
최대 12시간 지속! 어시크 퍼퓸 45ml 9900원,Beauty
시세이도 ~15%할인+증정 파데구매시 립정품 증정까지,Beauty
메디올과 함께하는 포근하고 따뜻한 겨울,Beauty
[티티바트 PICK] 뉴스템 카쇼라 데뷔 탄력&빛케어,Beauty
미리 준비하는 홈 제모케어 이오시카 ~60%+쿠폰까지,Beauty
럭셔리 메이크업 아워글래스 글로시밤/블러쉬 외 색조,Beauty
슈틸루스터 헤어스타일러 올해 마지막 방송,Beauty
Y존 냄새&찜찜함 걱정없이 언제 어디서든 향긋 당당해요,Beauty
메이크업포에버X션님 ~20%/1+1외 + 증정!,Beauty
닥터멜락신 첫 카쇼라 기념 최초&최대 1+1 할인!,Beauty
캐스키드슨과 메리크리스마스! 어드벤트캘린더 외 ~62%,Beauty
한정수량! 긴급공수! 샤넬 향수+쇼핑백+리본포장,Beauty
"""푹잠피부"" 바인딩크림 쫀쫀탄력 푹잠미백 비타민듀오",Beauty
향기로운 배스앤바디웍스 ~40%/미스트본품증정 외,Beauty
오데어 카쇼라 첫 런칭! 겉촉속탄 보툴톡스크림~20%,Beauty
피지오겔 신제품 런칭 라이브 ~56% + 단독기획세트,Beauty
Oiad x 무찌 1st Live무찌의 실험실,Beauty
블랙프라이데이 50% 특가 리디아153 프리미엄 샴푸바,Beauty
[RE+LIVE] 에스트라 아모레위크 역대급혜택~30%,Beauty
인생샴푸 라보에이치! ~44%+쿠폰+전구매증정까지,Beauty
임세영 PICK 에크라 부드러운 클렌징 밤 런칭특가,Beauty
키슬로우 카쇼라 선런칭 최대 43%,Beauty
무기자차 100% 비건 커버 쿠션,Beauty
속당김 최고! 라디셀 라이브에서 만나요!,Beauty
행운샴푸 쟁여두기 겨울준비 톡딜특가,Beauty
[~61%] 가벼운세라마이드 더마니크 카쇼라 특별전,Beauty
닥터포헤어 최대 50% BLACK FRIDAY,Beauty
설화수 홀리데이 런칭! 최대 30% +10종사은품,Beauty
보습끝장! 전고객 크림 증정 일리윤 수분&보습 라이브,Beauty
오에니르 첫 라이브 기념 글로우립 최대 특가전,Beauty
[첫 눈 기념 라이브] 리무버필요없는 필름마스카라!,Beauty
헤어케어의 기본 미쟝센 ! ~7%쿠폰+커피쿠폰,Beauty
가장 귀여운 선물 프리메라! ~25%할인+추가증정,Beauty
아이다코스메틱 팩 페스타 마지막 구매찬스 ~51%,Beauty
[미크릿] 냄새없는 비건네일,Beauty
닥터하르 고주파 갈바닉마사지 1시간 단독구성 라이브,Beauty
바를 카쇼라 상륙! 겨울 속보습 스킨케어 2종,Beauty
오휘 기초/메이크업 외 진쿠션 단하루 35%+증정,Beauty
려리X곽토리 PICK ! 크림휘핑크림 ~25%+증정,Beauty
에스트라x카쇼라 역대급혜택 아모레위크 ~30%+쿠폰까지,Beauty
라네즈 보습솔루션 LIVE 보습템 외 ~50%,Beauty
극강보습케어 리얼베리어 ~67%+쿠폰+증정까지!,Beauty
기미&모공 지우개 코페르 멜라크림 ~69%+증정까지,Beauty
사용할수록 부들부들 촉촉~ 성분까지 건강한 찐트리트먼트,Beauty
아벤느 NEW 탄력 라인 런칭 기념 LIVE ~62%,Beauty
밝은 피부의 비결 성분에디터 기미 세럼/크림 특가,Beauty
60만장이상 판매기록 리뉴얼 목주름 팩~!,Beauty
백화점 1등 샬랑 드 파리 결점 커버 쿠션 1+1 단독,Beauty
JHP 겨울맞이 80%할인 우리가족 보습끝판왕!,Beauty
보습천재 세타필 겨울맞이 최대 48% 단독 혜택,Beauty
몰바니 3일이면 밝아지는 감탄 비타민 앰플 ~50%,Beauty
[먼스앤데이즈]바디&헤어케어 라이브 특가 할인!,Beauty
촉촉 보습 이퀄리브! 오 브리에 3종 외 ~55%,Beauty
향기로운 샤워 닥터 브로너스 카쇼라 단독구성 외~35%,Beauty
빠르고 쫀쫀하게 스며드는 비건이펙트 주름/미백 앰플!,Beauty
모공 요철 지우개 키핀터치 카쇼라 첫 런칭 ~52%,Beauty
입소문만으로 600만장이상 판매기록! 브이라인 팩~!,Beauty
실크테라피 블랙프라이데이 ~69%할인+추가증정,Beauty
CKD 블랙프라이데이 기념 괄사목주름크림 외 ~64%,Beauty
43만유튜버 티벳동생x파티온 2024 마지막 블프마켓,Beauty
쌀쌀해진 날씨 두피 관리는 행운샴푸로 해결하세요!,Beauty
아르마니 뷰티 홀리데이에디션 10%+7%할인+10%적립,Beauty
새치케어 고민은 이제 그만! 더욱 강력해진 모다모다!,Beauty
냄새 말끔케어&Y존 밸런스 기능에 진심 Y존 테라피퍼퓸,Beauty
숨37 시크릿에센스 ~25%+7%할인+증정까지,Beauty
수능 끝! 혜택 시작! 할인의 정석 메디올,Beauty
감각적인 향기 '논픽션' 홀리데이 에디션 런칭 라이브,Beauty
품절대란 휩드! 한정수량 리뉴얼 팩클렌저 2+1 특가,Beauty
배우 남보라 PICK [EGA] 핸드케어 특가,Beauty
모모누 티팬티라이너 최대 52%할인 한정수량,Beauty
해피 네일 데이! 냄새없이 편리하게,Beauty
온가족 순한 보습 일리윤! ~54%+7%할인+추가증정,Beauty
에셀라이트 11월 웰컴 윈터 특가전!,Beauty
스위스 90년 전통 자연허브 유스트 ~40%+7%+증정,Beauty
입술부터 시작하는 레티날 탄력케어 ~68%,Beauty
아이크림의 대명사 유세린 ~63%+7%+추가 증정,Beauty
발렌티노 홀리데이 에디션 ~10%+7%+라이브단독혜택,Beauty
마스터피스 퍼퓸 프레데릭 말 전상품 15%+7%+사은품,Beauty
에뛰드와 해피홀리데이 ! 메이크업 ~52%+7%+증정,Beauty
마녀공장 하반기 대결산! 9900원부터 ~60%+7%,Beauty
공식정품 랑방 향수 7종 선물세트가 4만원대!,Beauty
PDRN 맛집 제나벨 빅세일 ~69%+7%+쿠폰까지,Beauty
럭셔리 메이크업 버버리 뷰티 15%+7%할인+증정혜택,Beauty
산타마리아노벨라 홀리데이추천 ~14%+7%+추가증정까지,Beauty
강력한 바람 JMW ! ~50%+7%+증정,Beauty
페리페라/클리오~43%+7% 체리에디션/카카오단독컬러외,Beauty
김나영 PICK 로마! ~33%+7%할인+증정까지,Beauty
동국제약 톡딜위크 특가!! 마데카프라임 리추얼 화이트펄,Beauty
이번 수능에 행운이 필요한 수험생을 위한 행운샴푸!,Beauty
에스트라 홀리데이 첫런칭! 3종 샘플+선착순 앰플 증정,Beauty
피부고민 정답은 셀리맥스 ~90%+선착순 900원특가,Beauty
입소문난 떡솝 클렌저 1+1 아렌시아 빼빼로데이 라이브,Beauty
[신제품] 바를수록 밝아지는 바르고 브라이트닝 크림,Beauty
연말파티 주인공! 스틸라 ~60%+7%/1+1/증정,Beauty
살냄새향수맛집 줄리엣헤즈어건 올해 마지막 세일 ~52%,Beauty
라보에이치X디렉터파이 ~43%+7%할인+증정까지!,Beauty
동국제약 기미 집중 케어 멜라캡처앰플패드 특집,Beauty
메디힐 하반기 연말결산! 마스크팩 7900원 부터~,Beauty
메이크업 맛집 에스쁘아 ~70%+7%할인+미니립증정,Beauty
냄새 즉각케어&Y존 밸런스 더블케어 Y존 테라피 퍼퓸,Beauty
청담 1% 광채피부 비결 럭셔리 스킨케어 톰 프로그램,Beauty
타입별로 골라쓰는 마미케어 율무 효소클렌저 빅세일,Beauty
파우치필수 국민템 키스미 ~67%+7%+추가증정까지,Beauty
건조한 두피&푸석한 머리결엔 유효성분99% 찐트리트먼트,Beauty
[메디올] 혜택이 배배로! 달콤한 할인혜택 받아가세요,Beauty
향기로운 더바디샵 ~50%+7%+증정혜택 !,Beauty
자석으로 속눈썹이 붙는다고? 출근시간 초단축 비결!,Beauty
돌체앤가바나 뷰티 색조/향수 외 ~32%+증정,Beauty
후기 가득 마미케어 들깨크림 ~75% + 사은품까지,Beauty
조말론 핸드바디케어/향수 한정특가 29900원대~,Beauty
토리든과 함께하는 홀리데이! 무드등 기획세트 외~53%,Beauty
홈쎄라 전문 홈케어 뷰티기기 라이브 특별전,Beauty
베네피트 핑크 프라이데이 틴트/아이브로우 선착순1+1,Beauty
라이브 특가!! 에가 손티에이징 핸드크림,Beauty
더마힐 라이브 한정 1+1 단독구성 제품들이 와르르~!,Beauty
아이소이 하반기 결산! 1위 세럼 1+1 최대혜택가,Beauty
스킨푸드 하반기 패드 대결산 ~53%+7%+마스크팩증정,Beauty
바닐라코 홀리데이에디션 출시 ~44%+추가증정까지,Beauty
[리터니티X카쇼라] 수분폭탄 바바수크림 선런칭 최대혜택,Beauty
해피바스 BEST상품 최대 혜택+5%할인+증정 !,Beauty
미리보는 블랙프라이데이 바롤 아이스롤 세럼 ~79%,Beauty
헉슬리 ~80%+증정파티 헤어/바디/퍼퓸/메이크업 외,Beauty
푸석하고 건조한 모발에 수분 영양 집중 충전해드려요,Beauty
감성무드의 완성 3CE 립/블러셔 외 할인/증정,Beauty
헤라 홀리데이 에디션 런칭 센슈얼립오일&블랙쿠션&섀도우,Beauty
환절기 탈모/두피고민 끝! 닥터그루트 샴푸 외 ~55%,Beauty
더마비X도구리 바디로션 최대 47%+전구매사은품,Beauty
감성적인 향기 롱테이크 헤어샘플/상품권 외 증정혜택,Beauty
온더바디X마루는강쥐 풋케어/핸드크림 외 ~74%,Beauty
스위스 헤어브랜드 라우쉬 블랙프라이데이/~44%,Beauty
향기로운 아로마티카 헤어/바디 외~71%+10%,Beauty
쿠션맛집 미바! 왕쿠션3 ~54%최대할인+6종혜택,Beauty
럭셔리 뷰티 라메르! 카쇼라 런칭특집~27+10%,Beauty
식약처 인증! 멜라샷 역대급 혜택 페스티벌,Beauty
아쿠아 디 파르마 뉴 컬렉션 런칭 기념 ~15%+10%,Beauty
MAC 립밤 NEW컬러출시! 구매고객 전원 미니립증정,Beauty
코티향수 블랙프라이데이 혜택 ~55%+10%+쿠폰까지,Beauty
이보영 PICK 동국제약 센텔리안24 마데카프라임 외,Beauty
속부터 꽉찬 보습 미샤 앰플/크림 1+1외 ~60%,Beauty
헤드스파 블랙프라이데이 ~83%+10%+추가 증정,Beauty
로라메르시에X최희 가을 색조/바디케어 ~50%,Beauty
다니엘헤니 10월 Pick! EMS 슬림메이커 혜택전,Beauty
두피를 위한 선택 라보에이치 ~43%+추가할인+증정혜택,Beauty
1년에 단2번 AHC블랙데이 1+1외~86%+단독사은품,Beauty
밈즈 빌베리 라인 카쇼라 첫 런칭,Beauty
리얼베리어 9900원~ 굿바이 와사비 베어,Beauty
헤어플러스 우디블랑쉬 카쇼라 최초공개 + ~77%,Beauty
천고마비의 계절 가을 특별전 카쇼라 펄스힐 DAY,Beauty
키엘 홀리데이 에디션 출시! 드로우스트링 파우치 증정,Beauty
가벼운 세라마이드 더마니크 첫 카쇼라 특별전,Beauty
Y존 냄새 고민없이 깔끔케어 &밸런스케어도 챙겨드려요,Beauty
펠드아포테케 ~65% 특가 전 구매고객 대상 증정이벤트,Beauty
닥터포헤어 가을철 두피케어 최대 54% 혜택 LIVE,Beauty
에스트라 캡슐보습 LIVE ~30%+선착순 선크림 증정,Beauty
동국제약 카쇼페 선물 대전! 마데카 파워앰플 외,Beauty
새치 케어의 왕 모다모다 3세대 출시 앵콜 라이브!,Beauty
온가족 순한 보습! 일리윤 ~54%할인+증정+쿠폰까지,Beauty
No1 클렌징워터 바이오더마 ~50%+10%+추가쿠폰,Beauty
바비리스 카쇼라 첫라이브! 최대 41% 할인!,Beauty
가을 SALE 왔추! 가을 두피케어 치트키 메디올,Beauty
화제의 모공앰플 디마르3 방송중 모공패드 증정,Beauty
JHP 10월 가을가을한 카쇼라 최대 할인전,Beauty
하이예나 PICK 잡티세럼! 완벽 커버 비비크림까지,Beauty
닥터자르트 동안탄력 LIVE 최대 60%+괄사증정이벤트,Beauty
몰바니 쿠션 카카오 상륙! 24시간광채 밀착 커버 쿠션,Beauty
에셀라이트의 계절 가을이 돌아왔습니다 10월 특집전,Beauty
keyth 키스 신상쿠션 ~28%+라이브중 커피쿠폰,Beauty
[RE+LIVE] 불리향수 ~10%+5%적립/증정,Beauty
깊은 보습과 탄력비법 라디셀 라이브에서 만나요!,Beauty
촉촉한 가을 바디케어 뉴트로지나&아비노 할인/증정,Beauty
라로지크X카쇼라 역대급 혜택 ~ 44% 할인에 쿠폰까지,Beauty
하얗게 들뜬 각질케어는 플루 최대~90% 할인+증정!,Beauty
[토아스 최대 61%] 가을겨울 속 보습 스킨케어!,Beauty
스위스 자연허브 코스메틱 유스트 ~40%+증정+추첨!,Beauty
메디큐브 뷰티 첫 런칭! 전품목1+1 &구매왕 아이샷,Beauty
Y존 냄새 말끔 향긋케어 Y존 밸런스도 챙겨요,Beauty
강추 브랜드 짝꿍 WEEK! 미쟝센/스킨유 ~ 43%,Beauty
[RE+LIVE] CKD 괄사목주름크림 외~63%,Beauty
No1헤어에센스실크테라피 ~61%할인+추가증정,Beauty
라네즈 립 글로이 밤 선론칭 카카오 단독 혜택 공개,Beauty
카카오단독컬러 출시 JMW ~50%할인+증정 혜택!,Beauty
비플레인 with 조구만! 카카오단독 무릎담요 증정혜택,Beauty
카쇼라 첫 론칭! 베뉴먼트 버터밤 외 ~30%,Beauty
포르테시모 재입고&환절기추천 약산성클렌저 리필 런칭특가,Beauty
에이지투웨니스 블랙프라이데이 최대 38% 할인 + 증정,Beauty
에뛰드 F/W 신상 메이크업 립스틱 외 ~53%+증정!,Beauty
바다레티놀 스파앰플 간절기 속건조 속탄력 잡기,Beauty
프리메라 립세럼/크림 외 ~25%할인+증정,Beauty
메이크업 맛집 3CE ~30%+전구매증정까지,Beauty
축처진 모발&건조푸석모에 찐 보습+영양충전 트리트먼트,Beauty
카카오톡딜! 마데카프라임 선착순10명 마스크팩100장,Beauty
힘없고 짧은 속눈썹 해결 [GLASH]로 풍성하게!,Beauty
가을햇살 기미 케어 도미나스 67년전통 태극제약~36%,Beauty
Y존 냄새말끔케어&밸런스까지 기능에 진심 테라피Y존퍼퓸,Beauty
에스쁘아 로지버니 치크 외 ~53%+증정/추첨혜택까지,Beauty
[3초 원터치 자석속눈썹] 노글루 쉽고 빠른 GLASH,Beauty
랑방/겐조 향수 공식수입 선물세트 특가,Beauty
에스트라 보습 가득 선물! 추천세트 구매시 파우치 증정,Beauty
비긴스 바이 정샘물 ~25%+추가증정+쿠폰까지,Beauty
샤이샤이샤이 ~45%+증정 컨실아이크림/립밤 외,Beauty
동국제약 역대급 할인! 마데카크림 대용량 특가,Beauty
어노브와 가을 헤어케어 카쇼라 단독구성 외 증정혜택,Beauty
비오템 임산부의 날 특집! 튼살크림 외32%+전원사은품,Beauty
보습부터 피부광채탄력까지 피지오겔~63%+추가증정,Beauty
피부고민 지우개 셀리맥스! ~52%+선착순900원특가,Beauty
Y존 밸런스&체취 말끔케어 내추럴 테라피 Y존 퍼퓸,Beauty
베네피트 최대 반값혜택! ~50%+7%+선착순 사은품,Beauty
질경이 여성청결제 환절기 준비 무조건 원쁠원,Beauty
HAIR CARE DAY 건조한 가을에도 렘스트,Beauty
환절기 탈모/두피고민 끝! 닥터그루트 ~55%,Beauty
임산부의 날! 클라랑스 넥크림/오일 외~19%+증정,Beauty
데일리 비건 네일 추천!,Beauty
2주 이별 잡티세럼! 구달 최대 55%+전원잡티마스크,Beauty
홈쎄라 홈케어 뷰티기기 젊음을 선물하세요!,Beauty
목도 얼굴처럼 관리 CKD 괄사목주름크림 외~76%,Beauty
[RE+LIVE]스킨푸드패드 담을수록 커지는혜택~55%,Beauty
가을무드 비건 네일 추천!,Beauty
세타필 신제품 런칭 기념 ~50%+증정+쿠폰 혜택!,Beauty
비건 라이프스타일 아닐로 ~50%+라이브 중 추가증정,Beauty
아로셀 카쇼라 앵콜전! 환절기 콜라겐 풀케어~74%,Beauty
렘스트 헤어 바디 SALE DAY 라방특가,Beauty
실리콘free 각질free 노각질 비건 틴트,Beauty
[모델로]자외선 차단 모음전 선케어 전문가! 모델로,Beauty
가을은 눅스의 계절! 보습대비/멀티오일 외~56%,Beauty
제나벨 신제품 단독공개 PDRN&멜라케어 최대1+1,Beauty
추운날씨 탈모관리 필수! 헤드스파7 ~83%+증정,Beauty
그 유명한 온열 소금팩! 토르홉 카쇼라 첫 런칭 혜택,Beauty
닥터포헤어 클리어런스 가을맞이 ~48% 할인,Beauty
NEW립이돌 버터글로우 출시 랑콤 최대 1+1용량 혜택,Beauty
렘스트 헤어 바디 SALE DAY 라방 특가,Beauty
환절기 보습 탄력 관리! 동국제약 마데카크림&파워앰플,Beauty
리얼베리어 9900원~ 가을 한정 익스트림 보습 외,Beauty
바닐라코와 마이멜로디의 만남 ~60%+체험키트 증정,Beauty
가을향수 추천! 끌로에/버버리 외 ~55%,Beauty
청담 1%관리 톰 프로그램 이나연 광채 인증 LIVE,Beauty
화제의 모공앰플 디마르3 방송중 덱시놀세럼 정품 증정,Beauty
무지개맨션~25%+증정 NEW쿠션/립 외 단독혜택,Beauty
에셀라이트 한가인 승모패치 9월 라이브 특별전,Beauty
다니엘헤니 Pick! EMS슬림메이커 ~53%할인,Beauty
아이돌 메이크업 에뛰드! 마스카라/립 외 ~57%할인,Beauty
아이다코스메틱 신제품 런칭! NEW 밀크 오일 클렌저,Beauty
헤어전문가 웰라 프로페셔널 ~76%+전구매 증정+쿠폰,Beauty
불리 가을 향기 추천! ~10%+5%적립/증정,Beauty
무기자차 100% 미크릿 비건 커버 쿠션,Beauty
환절기각질케어! 코스알엑스 원스탭패드 2+2 외~62%,Beauty
최모나 개발자문! 라운드랩 비타 잡티세럼/크림 ~51%,Beauty
기미 번지기 전에 멜라제로! 파티온 최대 58%할인혜택,Beauty
잡티 탄력 해결하는 오겟 비타민 콜라겐 스킨케어,Beauty
기초케어 맛집 미샤 ~60%/앰플1+1/증정까지,Beauty
지속력 100시간! 타투틴트 토니모리 NEW 쇼킹립 외,Beauty
나의 두번째 피부 '브리스킨' 카쇼라 런칭방송,Beauty
NEW 스파이크 발렌티노 전상품 10%+5%추가적립,Beauty
환절기에 필요한 두피관리는 행운샴푸로 해결하세요!,Beauty
가을맞이 성분에디터 실크줄기앰플/크림 ~81%,Beauty
부드러운 향기 센녹 ~14%+증정+추첨혜택까지,Beauty
가장 완벽한 새치 케어 모다모다 블랙 샴푸 10,Beauty
썸머뷰티 부쉬맨 라이브 할인 선케어 세트와 립밤,Beauty
포레샤57 아이크림 30g 산양삼추출물 57%함유,Beauty
환절기 립케어도 HIP하게! 노우라이 립밤&립글리머,Beauty
가을맞이 비건 네일 추천!,Beauty
온가족 순한 보습 일리윤 ~56%할인+증정+쿠폰까지,Beauty
브이티 X 아랑 피디알엔 신제품 최초 공개,Beauty
더위까지 씻어낼 해피바스 ~46%+5%할인+증정 !,Beauty
내 손안의 작은 럭셔리 지방시뷰티 15%+단독사은품,Beauty
게스케 헬로키티 론칭기념 클렌저/미스트 외 ~20%,Beauty
에스트라 애프터추석 빅세일 ~40%+선착순 아이세럼증정,Beauty
환절기 대비 비상 두피 대책 두피청정기 메디올,Beauty
가을맞이 레티날&비타민C 더블혜택 UPTO 67%,Beauty
No'1 아이크림 유세린! ~70%+5%+추가사은품,Beauty
에프터 추석 휴그랩 펄스힐 1+1 최대할인 특별전,Beauty
에이지투웨니스 가을 BEST 최대 38% 할인 + 증정,Beauty
가을맞이 네일 추천!,Beauty
렘스트 헤어 CARE 가을에도 역시 렘스트,Beauty
어시크 저자극 보습강화템 토너&토너패드8400원특가!,Beauty
드라이기/고데기 JMW ~50%할인+증정!,Beauty
제이숲 헤어케어 BEST ~62%할인+사은품 증정,Beauty
3초만에 완성! 가을여신눈매 GLASH로 깊어진 눈빛,Beauty
가을맞이 헤어플러스 NEW 단백질본드앰플 ~80%,Beauty
미유키 EXQ 올인원 태반 크림,Beauty
100%모로코 아르간헤어오일 카쇼라 최대 할인전,Beauty
대왕화장품 크리에이터 지원과 함께하는 러븀 카쇼라 특가,Beauty
남성을 위한 랩시리즈 추석선물세트 ~30%+증정,Beauty
지원X올케어 브랜드 블레스문 첫 카쇼라 최대 35%할인,Beauty
이번 추석에는 행운을 담은 행운샴푸를 선물하세요!,Beauty
전고객 커피+샘플 증정! 세타필 가을준비 특별LIVE,Beauty
건조하고 부시시한 모발에 모발영양단백질+수분 집중충전,Beauty
50대 한정판매 마데카프라임 추석 선물대전 딱1시간!,Beauty
가을 보습템 대표 라디셀 슬기로운 쇼핑&역대급 혜택,Beauty
에스트라X포차코 콜라보 한정 기획!/단독세트,Beauty
인생샴푸 라보에이치! ~43%+전구매 샴푸증정,Beauty
추석선물도 캐스키드슨! ~52%+라이브 중 최다증정,Beauty
렘스트 헤어바디 CARE 추석 선물 DAY,Beauty
종근당건강의 기술력 CKD 목주름괄사크림~63%,Beauty
광채비비 동안비책! 마노비비 라이브 초특가!,Beauty
헤어케어의 기본 미쟝센 ! ~5%쿠폰+커피쿠폰+99특가,Beauty
도라에몽 굿즈 100% 증정 최대 61% 초특가할인,Beauty
추석 해외여행 필수템 부쉬맨 워터프루프 선케어,Beauty
스킨푸드 패드 쟁일 타이밍! 담을수록 커지는혜택~55%,Beauty
Y존 냄새 섞임없이 말끔케어 &Y존 밸런스케어까지!,Beauty
"센스있는 추석선물 ""달바"" 단독 핸드크림&미러키링 증정",Beauty
Snp가 제안하는 스킨솔루션 최대 66% 할인+추가증정,Beauty
아로마티카 추석선물세트 ~76%+10%+추가증정,Beauty
홈쎄라 홈케어 뷰티기기 9월 추석 전 배송 특집전,Beauty
메디힐 추석 맞이 특별 할인 마스크팩 7900원 부터~,Beauty
Y존냄새 섞임없이 말끔케어 &Y존 밸런스케어 테라피퍼퓸,Beauty
[추석특가] 리디아 153 프리미엄 샴푸바 Live,Beauty
향기로운 바디케어 사봉 ~50%+바디로션증정까지,Beauty
명품의 품격! 크리드 가을향기 추천~15%+혜택,Beauty
마데카크림 선물세트 2만원대 동국제약 뷰티 특가!,Beauty
가장 받고싶은 선물 프레쉬! 바디&립밤 선착순 1+1,Beauty
Y존 냄새말끔케어&건조 불편 더블케어 Y존 테라피퍼퓸,Beauty
건조하고 부시시한 모발에 영양+차분함 케어 트리트먼트,Beauty
에스티로더 갈색병 외~24% 카카오단독 5만원대부터~,Beauty
김정문 한가위 선물특가! 알로에로 100시간 수분홀딩,Beauty
조르지오 아르마니 뷰티 NEW 프리즈마글래스 선출시,Beauty
[헤브블루X오민초] 프리미엄 살몬프루티 바디세트 런칭,Beauty
색조맛집 바비브라운 엑스트라 립틴트 선착순1+1,Beauty
메종 마르지엘라 역대급 향수 페스티벌!+증정,Beauty
samsea헤어드라이어,Beauty
축처진고 푸석한 머릿결에 촉촉찰랑 집중 영양케어드려요,Beauty
이자녹스 추석맞이 특집! 기초세트 ~49% 할인+증정,Beauty
Y존냄새 말끔제거&밸런스케어 순하고 향긋 Y존테라피퍼퓸,Beauty
헤라 더욱 새로워진 NEW 센슈얼 누드 글로스&블랙쿠션,Beauty
라네즈 역대급 쇼핑라이브 리미티드 에디션 공개,Beauty
메이크업포에버 립/파우더 외 ~20%+추첨증정+포장까지,Beauty
Y존냄새 말끔제거&불편감케어 기능에 진심 Y존테라피퍼퓸,Beauty
럭셔리 바디케어 몰튼브라운 ~50%할인+풍성한 증정까지,Beauty
비오템 NEW 올인원 스틱 외 추석기프트~27%+10%,Beauty
가을햇살 기미 케어 도미나스 67년전통 태극제약~56%,Beauty
메이크업의 정석 정샘물뷰티 쿠션/컨실러 외~23%+증정,Beauty
추석 명품향수 선물 특집! 버버리/끌로에 외 ~55%,Beauty
Y존 냄새말끔제거&건조 불편 더블케어 Y존 테라피퍼퓸,Beauty
다니엘트루스 NEW 향기 외 퍼퓸/디퓨저 ~30%,Beauty
동국제약 추석 선물 대전! 마데카크림 세트 외 베스트,Beauty
눈 건강 솔루션! 르네퀸톤 오큘라 스프레이!,Beauty
동국제약 마데카 4종세트 외 추석 선물 추천!,Beauty
신학기 메이크업 대전 베네피트 틴트 선착순 1+1,Beauty
동국제약 추석 선물 대전! 파워앰플&기초3종 세트 외,Beauty
리엔케이 2024 명절특집 기초케어 ~76% 특급세일,Beauty
바롤 아이스롤 세럼 ~65% 폭염에 지친 모공 케어,Beauty
MAC 맥시멀 새틴 립스틱 선런칭 외~20%+맥버니키링,Beauty
박한별 PICK 가을맞이 고농축 저자극 앰플 특가전,Beauty
황금비율 그대로 ABC쥬스! 진하고 달콤한 제주비트즙!,Beauty
베지톨로지 비니페린 스킨케어 모음전,Beauty
동국제약 신상 마데카크림 체험특가 외 추석 선물 제안,Beauty
후기입증 제나벨 PDRN 외 ~54%+쿠폰+전구매사은품,Beauty
성분에디터 멜라샷 추석 선물 특집! ~36%,Beauty
에스트라 추석특집 LIVE 최대 30%+10%즉시할인,Beauty
비코빅! 카쇼라 이벤트! 피부 관리 제품 5종!,Beauty
더마힐 얼리추석 & 라스트 썸머~ 혜택이 팡팡!,Beauty
더후 럭셔리 추석 선물 30%할인+르크루제 증정,Beauty
가을맞이! 미크릿 비건 네일 61종,Beauty
가을의 향기 구딸 ~20% 방송당일 바디크림 증정,Beauty
끈적임 없는 촉촉함 미크릿 립트리트먼트 립밤틴트,Beauty
건강한 두피와 모발을 위한 르네휘테르 ~39%+증정까지,Beauty
축처진 모발&건조푸석모발 볼륨감과 차분함을 드려요,Beauty
산타마리아노벨라 추천가을향수 ~23%+라이브중 추가증정,Beauty
품격있는 선물 설화수~29% 탄력3종 세트 13만원대~,Beauty
[비플레인X디렉터파이] 녹두모공세럼&크림 외~64%,Beauty
향기로운 러쉬 보디스프레이/퍼퓸 외,Beauty
휴그랩 리즈라인 단독 특가! 군살? 이젠 자신있어!,Beauty
빌리프 모밤 점보 선런칭! ~25%할인+피크닉매트 증정,Beauty
파티온 노스카나인 모공탄력 런칭 라이브 최대 58%할인,Beauty
keyth 키스 신규쿠션출시 ~30%+라이브중 커피쿠폰,Beauty
썸머뷰티 부쉬맨 여름아 가지마 특별 라이브,Beauty
Y존 냄새제거&건조 불편감 케어 기능에 진심 Y존퍼퓸,Beauty
바이오더마 썸머클렌징 결산! ~53%+7%쿠폰+사은품,Beauty
리얼 하이드로겔 4종패치 라이브 전용 구성 특가,Beauty
동국제약 최신상 마데카 크림 타임리버스 파격 체험 특가,Beauty
굿바이 썸머! 미크릿 비건 네일 61종,Beauty
피부 본연의 광채! 파넬 세럼쿠션 외 ~47%+증정,Beauty
건조하고 부시시했던 반곱슬 차분하고 윤기나게 해드려요,Beauty
아로셀 콜라겐 마스크 외 UP TO 89%+사은품증정,Beauty
개기름과의 전투! 필승템! 노세범 개기름컷 파우더팩트!,Beauty
헤어/바디/메이크업까지 헉슬리 ~50%+증정혜택,Beauty
국민인생템 키스미 마스카라/라이너 외~50%,Beauty
불리 트리오향수 글로벌선론칭 방송중 스타벅스 증정까지,Beauty
쩡유출연! 라비오뜨 톤업베이스/립 할인/증정,Beauty
단 1시간! 톡딜세일 1+1 미백/주름잡는 링클크림,Beauty
[가을맞이 나에게 변화를] 3초 착붙속눈썹과 함께!,Beauty
바롤 아이스롤 세럼 ~57% 폭염에 지친 모공 케어,Beauty
Y존 냄새 섞임없이 말끔제거 순하고 향긋 Y존테라피퍼퓸,Beauty
성분에디터 모공 앰플로 여름 모공고민 올킬!~66%,Beauty
힘없고 건조해 부시시한모발 영양+수분감을 꽉 채워드려요,Beauty
블리블리 바쿠치올 앰플 외 스킨케어 UP TO 56%,Beauty
천재 조향사의 럭셔리 향수 메종 프란시스 커정,Beauty
단 한시간! 1+1 톡딜특가 목주름 링클패치 드바프,Beauty
출근준비 단축 헤어스타일러 슈틸루스터 ~36%할인+쿠폰,Beauty
온가족 순한 보습 일리윤 ~51%+쿠폰+추가증정까지,Beauty
Y존냄새 말끔제거&밸런스케어 순하고 향긋한 기능가득퍼퓸,Beauty
여름 명품 향기 추천! 랑방/안나수이 외~58%,Beauty
감각을 채우는 멀티퍼퓸 콜린스 ~40%+시향키트증정,Beauty
꾸뛰르 신규컬러 단독 선런칭 에스쁘아 ~54%+증정,Beauty
Y존 밸런스&냄새 말끔제거 기능에 진심 Y존 테라피퍼퓸,Beauty
리바이포유 기프트세트 ~38% 할인+본품증정,Beauty
무더위 속 피부가 찾는 시원한 휴식과 리프레시!,Beauty
에뛰드 화제의 파우치 핫템 동안비결 님프광채 볼류머,Beauty
동국 내 피부 긴급 SOS! 수분 진정템 총 집합,Beauty
광채비비 동안비책! 마노비비 1+1 무료배송!,Beauty
글로웍스 카쇼라 첫 방송! 은젤과 함께하는 라이브 혜택,Beauty
AETEM 시크릿잡티세럼& 비타 앰플&브로아신크림 특가,Beauty
무더운 여름철엔 향기좋은 행운샴푸 라이브 특가!,Beauty
최대 72%+추가쿠폰 모공앰플패드 특가전,Beauty
클렌징 리무버 NO! 미온수로 깔끔 완벽 클렌징!,Beauty
향기로운 선물 톤28 괄사/헤어미스트 외 ~70%,Beauty
꿉꿉한 여름 시원하게 때밀기 플루~67%+본품 증정!,Beauty
질스튜어트 뷰티 X 더보이즈 NEW 립 블로썸 글로우,Beauty
Y좀 냄새말끔제거&건조불편감 케어 Y존 테라피 퍼퓸,Beauty
비건네일로 기분전환 하세요!,Beauty
샤오미 로이드미 미로 CC 55% 할인+톡채널 추가할인,Beauty
나의 인생샴푸 라보에이치! ~47%+전구매 증정혜택까지,Beauty
섞임없이 말끔 Y존냄새제거 순하고 향긋 Y존 테라피퍼퓸,Beauty
애프터 바캉스 썸머 스킨케어 ~56%,Beauty
아르티장 신선 뷰티의 대가 아렌시아 떡솝/쿨톤세럼2+1,Beauty
[랩솔]자연유래 클렌징바 +차량용디퓨저+핸드크림 3종,Beauty
펠드아포테케 with 킴님 선크림부터 수분진정템까지!,Beauty
두피쾌감 두파민 샴푸 여름엔 메디올 퓨리파잉,Beauty
Y존 냄새 제거&밸런스케어 한방울 더블케어 테라피퍼퓸,Beauty
에셀라이트 한가인 승모패치 LIVE 베스트딜 특별전,Beauty
클리오 더블커버킬 뉴 마그넷팩트 에디션 특집,Beauty
자연주의 라부르켓 ~50% 립밤1+1/핸드크림/바디 외,Beauty
케라스타즈 한여름 헤어케어! ~20%할인&시몽2+1혜택,Beauty
리얼베리어 ~67%OFF BIG SUMMER SALE,Beauty
[신비애] 8월 첫방송 완벽해진 페미닌홈케어~53%,Beauty
이즈앤트리 X 스완 피지 블랙헤드 타파 단독할인,Beauty
속부터 차오르는 수분&보습 에스트라 단독 선물세트 혜택,Beauty
피부고민 지우개 셀리맥스! 최대52%+선착순900원특가,Beauty
진정맛집 '김정문 알로에' 수딩젤&쿨링선스틱 외 1+1,Beauty
동국제약 화잘먹 마데카크림 외 혜택까지 핫한 여름필수템,Beauty
언뮤트 카쇼라 론칭 체험팩 4900원 선착순 100명,Beauty
헤어케어의 기본 미쟝센 ! ~5%쿠폰+파우치+사은품까지,Beauty
분비물 제거&Y존 건조 불편감 더블케어 테라피퍼퓸,Beauty
닥터에스리 베스트셀러 특집! 첫 구매시 할인쿠폰까지!,Beauty
반코르 리리힐 마사지기 라이브 특별전,Beauty
렘스트 헤어바디 CARE 최대 50%할인,Beauty
Y존 위생청결&냄새 제거 &테라피케어까지 원드롭레이디,Beauty
